<?xml version="1.0" encoding="UTF-8" ?>
<!DOCTYPE mapper
    PUBLIC "-//mybatis.org//DTD Mapper 3.0//EN"
    "http://mybatis.org/dtd/mybatis-3-mapper.dtd">
<mapper namespace="com.example.dsn.atofuru.service.mapper.GenderMasterMapper">
    <!-- resultMapの定義 -->
    <resultMap id="genderMasterResultMap" type="com.example.dsn.atofuru.service.entity.GenderMasterEntity">
        <result property="genderCode" column="gender_code" />
        <result property="gender" column="gender_name" />
        <result property="validFrom" column="valid_from" />
        <result property="validTo" column="valid_to" />
        <result property="createdBy" column="created_by" />
        <result property="createdAt" column="created_at" />
        <result property="updatedBy" column="updated_by" />
        <result property="updatedAt" column="updated_at" />
    </resultMap>
    <!-- SQLクエリの定義 -->
    <select id="getAllGenders" resultMap="genderMasterResultMap">
        SELECT * FROM dsn.gender_master
    </select>
    <select id="getGenderByCode" parameterType="string" resultMap="genderMasterResultMap">
        SELECT * FROM dsn.gender_master WHERE gender_code = #{genderCode}
    </select>
    <select id="getGenderByName" parameterType="string" resultMap="genderMasterResultMap">
        SELECT * FROM dsn.gender_master WHERE gender_name = #{gender}
    </select>
    <select id="findByIdentifier" parameterType="string" resultMap="genderMasterResultMap">
        <choose>
            <!-- identifier が gender_code 形式の場合 -->
            <when test="identifier != null and identifier.matches('^[a-zA-Z0-9]{5}$')">
                SELECT * FROM dsn.gender_master WHERE gender_code = #{identifier}
            </when>
            <!-- identifier が gender_code 形式でない場合 -->
            <otherwise>
                SELECT * FROM dsn.gender_master WHERE gender_name = #{identifier}
            </otherwise>
        </choose>
    </select>
</mapper>