<?xml version="1.0" encoding="UTF-8" ?>
<!DOCTYPE mapper
    PUBLIC "-//mybatis.org//DTD Mapper 3.0//EN"
    "http://mybatis.org/dtd/mybatis-3-mapper.dtd">
<mapper namespace="com.example.dsn.atofuru.service.mapper.IncomeMasterMapper">
    <!-- resultMapの定義 -->
    <resultMap id="incomeMasterResultMap" type="com.example.dsn.atofuru.service.entity.IncomeMasterEntity">
        <result property="incomeCode" column="income_code" />
        <result property="incomeRange" column="income_range" />
        <result property="validFrom" column="valid_from" />
        <result property="validTo" column="valid_to" />
        <result property="createdBy" column="created_by" />
        <result property="createdAt" column="created_at" />
        <result property="updatedBy" column="updated_by" />
        <result property="updatedAt" column="updated_at" />
    </resultMap>
    <!-- SQLクエリの定義 -->
    <select id="getAllIncomes" resultMap="incomeMasterResultMap">
        SELECT * FROM dsn.income_master
    </select>
    <select id="getIncomeByCode" parameterType="string" resultMap="incomeMasterResultMap">
        SELECT * FROM dsn.income_master WHERE income_code = #{incomeCode}
    </select>
    <select id="getIncomeByName" parameterType="string" resultMap="incomeMasterResultMap">
        SELECT * FROM dsn.income_master WHERE income_range = #{incomeRange}
    </select>
    <select id="findByIdentifier" parameterType="string" resultMap="incomeMasterResultMap">
        <choose>
            <!-- identifier が income_code 形式の場合 -->
            <when test="identifier != null and identifier.matches('^[a-zA-Z0-9]{5}$')">
                SELECT * FROM dsn.income_master WHERE income_code = #{identifier}
            </when>
            <!-- identifier が income_code 形式でない場合 -->
            <otherwise>
                SELECT * FROM dsn.income_master WHERE income_range = #{identifier}
            </otherwise>
        </choose>
    </select>
</mapper>
    