<?xml version="1.0" encoding="UTF-8" ?>
<!DOCTYPE mapper
    PUBLIC "-//mybatis.org//DTD Mapper 3.0//EN"
    "http://mybatis.org/dtd/mybatis-3-mapper.dtd">
<mapper namespace="com.example.dsn.atofuru.service.mapper.JobMasterMapper">
    <!-- resultMapの定義 -->
    <resultMap id="jobMasterResultMap" type="com.example.dsn.atofuru.service.entity.JobMasterEntity">
        <result property="jobCode" column="job_code" />
        <result property="jobName" column="job_name" />
        <result property="validFrom" column="valid_from" />
        <result property="validTo" column="valid_to" />
        <result property="createdBy" column="created_by" />
        <result property="createdAt" column="created_at" />
        <result property="updatedBy" column="updated_by" />
        <result property="updatedAt" column="updated_at" />
    </resultMap>
    <!-- SQLクエリの定義 -->
    <select id="getAllJobs" resultMap="jobMasterResultMap">
        SELECT * FROM dsn.job_master
    </select>
    <select id="getJobByCode" parameterType="string" resultMap="jobMasterResultMap">
        SELECT * FROM dsn.job_master WHERE job_code = #{jobCode}
    </select>
    <select id="getJobByName" parameterType="string" resultMap="jobMasterResultMap">
        SELECT * FROM dsn.job_master WHERE job_name = #{jobName}
    </select>
    <select id="findByIdentifier" parameterType="string" resultMap="jobMasterResultMap">
        <choose>
            <!-- identifier が job_code 形式の場合 -->
            <when test="identifier != null and identifier.matches('^[a-zA-Z0-9]{5}$')">
                SELECT * FROM dsn.job_master WHERE job_code = #{identifier}
            </when>
            <!-- identifier が job_code 形式でない場合 -->
            <otherwise>
                SELECT * FROM dsn.job_master WHERE job_name = #{identifier}
            </otherwise>
        </choose>
    </select>
</mapper>