<?xml version="1.0" encoding="UTF-8" ?>
<!DOCTYPE mapper
    PUBLIC "-//mybatis.org//DTD Mapper 3.0//EN"
    "http://mybatis.org/dtd/mybatis-3-mapper.dtd">

<mapper namespace="com.example.dsn.atofuru.service.mapper.PurchaseInfoMapper">

    <!-- resultMap の定義 -->
    <resultMap id="PurchaseInfoResultMap" type="com.example.dsn.atofuru.service.entity.PurchaseInfoEntity">
        <id property="purchaseId" column="purchase_id"/>
        <result property="receiptId" column="receipt_id"/>
        <result property="loginId" column="login_id"/>
        <result property="commodity" column="commodity"/>
        <result property="purchaseAmount" column="purchase_amount"/>
        <result property="validFrom" column="valid_from"/>
        <result property="validTo" column="valid_to"/>
        <result property="createdBy" column="created_by"/>
        <result property="createdAt" column="created_at"/>
        <result property="updatedBy" column="updated_by"/>
        <result property="updatedAt" column="updated_at"/>
    </resultMap>

    <!-- loginId で購入情報を取得するSQLクエリ -->
    <select id="getPurchaseInfoByLoginId" parameterType="String" resultMap="PurchaseInfoResultMap">
        SELECT * 
        FROM dsn.purchase_info
        WHERE login_id = #{loginId}
    </select>

    <!-- loginId と receiptId を条件にして購入情報を取得 -->
    <select id="getPurchaseInfoByLoginIdAndReceiptId" parameterType="map" resultMap="PurchaseInfoResultMap">
        SELECT *
        FROM dsn.purchase_info
        WHERE login_id = #{loginId}
          AND receipt_id = #{receiptId}
    </select>

    <!-- 複数レコードのバルクインサートSQLクエリ -->
    <insert id="bulkInsert" parameterType="java.util.List">
        INSERT INTO dsn.purchase_info (
            receipt_id, 
            login_id, 
            commodity, 
            purchase_amount, 
            valid_from, 
            valid_to, 
            created_by, 
            created_at, 
            updated_by, 
            updated_at
        ) 
        VALUES 
        <foreach collection="purchaseInfoList" item="item" index="index" separator=",">
            (#{item.receiptId}, 
            #{item.loginId}, 
            #{item.commodity}, 
            #{item.purchaseAmount}, 
            #{item.validFrom}, 
            #{item.validTo}, 
            #{item.createdBy}, 
            #{item.createdAt}, 
            #{item.updatedBy}, 
            #{item.updatedAt})
        </foreach>
    </insert>
</mapper>
