<?xml version="1.0" encoding="UTF-8" ?>
<!DOCTYPE mapper
    PUBLIC "-//mybatis.org//DTD Mapper 3.0//EN"
    "http://mybatis.org/dtd/mybatis-3-mapper.dtd">

<mapper namespace="com.example.dsn.atofuru.service.mapper.ReceiptInfoMapper">

    <!-- resultMap の定義 -->
    <resultMap id="ReceiptInfoResultMap" type="com.example.dsn.atofuru.service.entity.ReceiptInfoEntity">
        <id property="receiptId" column="receipt_id"/>
        <result property="loginId" column="login_id"/>
        <result property="purchaseDate" column="purchase_date"/>
        <result property="purchaseStore" column="purchase_store"/>
        <result property="purchaseAddress" column="purchase_address"/>
        <result property="purchasePhone" column="purchase_phone"/>
        <result property="totalAmount" column="total_amount"/>
        <result property="receiptBase64" column="receipt_base64"/>
        <result property="validFrom" column="valid_from"/>
        <result property="validTo" column="valid_to"/>
        <result property="createdBy" column="created_by"/>
        <result property="createdAt" column="created_at"/>
        <result property="updatedBy" column="updated_by"/>
        <result property="updatedAt" column="updated_at"/>
    </resultMap>

    <!-- login_id でレシート情報を取得するSQLクエリ -->
    <select id="getReceiptInfoByLoginId" parameterType="String" resultMap="ReceiptInfoResultMap">
        SELECT * 
        FROM dsn.receipt_info
        WHERE login_id = #{loginId}
    </select>

    <!-- loginId と receiptId を条件にしてレシート情報を取得 -->
    <select id="getReceiptInfoByLoginIdAndReceiptId" parameterType="map" resultMap="ReceiptInfoResultMap">
        SELECT *
        FROM dsn.receipt_info
        WHERE login_id = #{loginId}
          AND receipt_id = #{receiptId}
    </select>

    <!-- 複数レコードのバルクインサートSQLクエリ -->
    <insert id="bulkInsert" parameterType="java.util.List">
        INSERT INTO dsn.receipt_info (
            login_id, 
            purchase_date, 
            purchase_store, 
            purchase_address, 
            purchase_phone, 
            total_amount, 
            receipt_base64,
            valid_from, 
            valid_to, 
            created_by, 
            created_at, 
            updated_by, 
            updated_at
        ) 
        VALUES 
        <foreach collection="receiptInfoList" item="item" index="index" separator=",">
            (#{item.loginId}, 
            #{item.purchaseDate}, 
            #{item.purchaseStore}, 
            #{item.purchaseAddress}, 
            #{item.purchasePhone}, 
            #{item.totalAmount}, 
            #{item.receiptBase64}, 
            #{item.validFrom}, 
            #{item.validTo}, 
            #{item.createdBy}, 
            #{item.createdAt}, 
            #{item.updatedBy}, 
            #{item.updatedAt})
        </foreach>
    </insert>
    <select id="insertReceiptInfo" parameterType="com.example.dsn.atofuru.service.entity.ReceiptInfoEntity">
        INSERT INTO dsn.receipt_info (
            login_id, 
            purchase_date, 
            purchase_store, 
            purchase_address, 
            purchase_phone, 
            total_amount, 
            receipt_base64,
            valid_from, 
            valid_to, 
            created_by, 
            created_at, 
            updated_by, 
            updated_at
        ) 
        VALUES (
            #{loginId}, 
            #{purchaseDate}, 
            #{purchaseStore}, 
            #{purchaseAddress}, 
            #{purchasePhone}, 
            #{totalAmount}, 
            #{receiptBase64}, 
            #{validFrom}, 
            #{validTo}, 
            #{createdBy}, 
            #{createdAt}, 
            #{updatedBy}, 
            #{updatedAt}
        )
        RETURNING receipt_id
    </select >
</mapper>
