<?xml version="1.0" encoding="UTF-8" ?>
<!DOCTYPE mapper
    PUBLIC "-//mybatis.org//DTD Mapper 3.0//EN"
    "http://mybatis.org/dtd/mybatis-3-mapper.dtd">
<mapper namespace="com.example.dsn.atofuru.service.mapper.UsersMapper">

    <!-- ResultMap の定義 -->
    <resultMap id="usersResultMap" type="com.example.dsn.atofuru.service.entity.UsersEntity">
        <id property="userId" column="user_id"/>
        <result property="loginId" column="login_id"/>
        <result property="lastName" column="last_name"/>
        <result property="firstName" column="first_name"/>
        <result property="lastNameKana" column="last_name_kana"/>
        <result property="firstNameKana" column="first_name_kana"/>
        <result property="email" column="email"/>
        <result property="password" column="password"/>
        <result property="birthDate" column="birth_date"/>
        <result property="postalCode" column="postal_code"/>
        <result property="address" column="address"/>
        <result property="phoneNumber" column="phone_number"/>
        <result property="jobCode" column="job_code"/>
        <result property="incomeCode" column="income_code"/>
        <result property="genderCode" column="gender_code"/>
        <result property="validFrom" column="valid_from"/>
        <result property="validTo" column="valid_to"/>
        <result property="createdBy" column="created_by"/>
        <result property="createdAt" column="created_at"/>
        <result property="updatedBy" column="updated_by"/>
        <result property="updatedAt" column="updated_at"/>
    </resultMap>
    
    <select id="findByEmail" parameterType="String" resultMap="usersResultMap">
        SELECT * FROM dsn.users WHERE email = #{email}
    </select>

    <select id="findByUserId" parameterType="int" resultMap="usersResultMap">
        SELECT * FROM dsn.users WHERE user_id = #{userId}
    </select>

    <select id="findByLoginId" parameterType="String" resultMap="usersResultMap">
        SELECT * FROM dsn.users WHERE login_id = #{loginId}
    </select>
    <select id="checkEmailExists" parameterType="String" resultType="boolean">
        SELECT COUNT(*) > 0 FROM users WHERE email = #{email}
    </select>
    <!-- identifier を使って email または loginId でレコードを取得 -->
    <select id="findByIdentifier" parameterType="string" resultMap="usersResultMap">
        <choose>
            <!-- identifier が email 形式の場合 -->
            <when test="identifier != null and identifier.matches('^[\\w.%+-]+@[\\w.-]+\\.[a-zA-Z]{2,}$')">
                SELECT * FROM dsn.users WHERE email = #{identifier}
            </when>
            <!-- identifier が email 形式でない場合 -->
            <otherwise>
                SELECT * FROM dsn.users WHERE login_id = #{identifier}
            </otherwise>
        </choose>
    </select>

    <insert id="insert" parameterType="com.example.dsn.atofuru.service.entity.UsersEntity">
        INSERT INTO dsn.users (
            login_id, last_name, first_name, last_name_kana, first_name_kana, email, password,
            birth_date, postal_code, address, phone_number, job_code, income_code, gender_code,
            valid_from, valid_to, created_by, created_at, updated_by, updated_at
        ) VALUES (
            #{loginId}, #{lastName}, #{firstName}, #{lastNameKana}, #{firstNameKana}, #{email}, #{password},
            #{birthDate}, #{postalCode}, #{address}, #{phoneNumber}, #{jobCode}, #{incomeCode}, #{genderCode},
            #{validFrom}, #{validTo}, #{createdBy}, #{createdAt}, #{updatedBy}, #{updatedAt}
        )
    </insert>

    <update id="update" parameterType="com.example.dsn.atofuru.service.entity.UsersEntity">
        UPDATE dsn.users
        SET
            last_name = #{lastName},
            first_name = #{firstName},
            last_name_kana = #{lastNameKana},
            first_name_kana = #{firstNameKana},
            email = #{email},
            password = #{password},
            birth_date = #{birthDate},
            postal_code = #{postalCode},
            address = #{address},
            phone_number = #{phoneNumber},
            job_code = #{jobCode},
            income_code = #{incomeCode},
            gender_code = #{genderCode},
            valid_from = #{validFrom},
            valid_to = #{validTo},
            updated_by = #{updatedBy},
            updated_at = #{updatedAt}
        WHERE login_id = #{loginId}
    </update>

    <!-- ユーザー情報の削除 -->
    <delete id="delete" parameterType="int">
        DELETE FROM dsn.users WHERE user_id = #{userId}
    </delete>
</mapper>
