<?xml version="1.0" encoding="UTF-8" ?>
<!DOCTYPE mapper
    PUBLIC "-//mybatis.org//DTD Mapper 3.0//EN"
    "http://mybatis.org/dtd/mybatis-3-mapper.dtd">

<mapper namespace="com.example.dsn.atofuru.service.mapper.UserBase64RelMapper">

    <resultMap id="userBase64RelResultMap" type="com.example.dsn.atofuru.service.entity.UserBase64RelEntity">
        <id column="user_id" property="userId"/>
        <result column="my_number_card_base64_1" property="myNumberCardBase64_1"/>
        <result column="my_number_card_base64_2" property="myNumberCardBase64_2"/>
        <result column="id_card_base64_1" property="idCardBase64_1"/>
        <result column="id_card_base64_2" property="idCardBase64_2"/>
        <result column="valid_from" property="validFrom"/>
        <result column="valid_to" property="validTo"/>
        <result column="created_by" property="createdBy"/>
        <result column="created_at" property="createdAt"/>
        <result column="updated_by" property="updatedBy"/>
        <result column="updated_at" property="updatedAt"/>
    </resultMap>

    <insert id="insertUserBase64Rel" parameterType="com.example.dsn.atofuru.service.entity.UserBase64RelEntity">
        INSERT INTO dsn.user_base64_rel (
            user_id, 
            my_number_card_base64_1, 
            my_number_card_base64_2, 
            id_card_base64_1, 
            id_card_base64_2, 
            valid_from, 
            valid_to, 
            created_by, 
            created_at, 
            updated_by, 
            updated_at
        ) VALUES (
            #{userId}, 
            #{myNumberCardBase64_1}, 
            #{myNumberCardBase64_2}, 
            #{idCardBase64_1}, 
            #{idCardBase64_2}, 
            #{validFrom}, 
            #{validTo}, 
            #{createdBy}, 
            #{createdAt}, 
            #{updatedBy}, 
            #{updatedAt}
        )
    </insert>

    <select id="selectUserBase64Rel" parameterType="string" resultMap="userBase64RelResultMap">
        SELECT * FROM dsn.user_base64_rel WHERE user_id = #{userId}
    </select>

    <update id="updateUserBase64Rel" parameterType="com.example.dsn.atofuru.service.entity.UserBase64RelEntity">
        UPDATE dsn.user_base64_rel
        SET
            my_number_card_base64_1 = #{myNumberCardBase64_1},
            my_number_card_base64_2 = #{myNumberCardBase64_2},
            id_card_base64_1 = #{idCardBase64_1},
            id_card_base64_2 = #{idCardBase64_2},
            valid_from = #{validFrom},
            valid_to = #{validTo},
            created_by = #{createdBy},
            created_at = #{createdAt},
            updated_by = #{updatedBy},
            updated_at = #{updatedAt}
        WHERE user_id = #{userId}
    </update>

    <delete id="deleteUserBase64Rel" parameterType="string">
        DELETE FROM dsn.user_base64_rel WHERE user_id = #{userId}
    </delete>

</mapper>
