<?xml version="1.0" encoding="UTF-8" ?>
<!DOCTYPE mapper
    PUBLIC "-//mybatis.org//DTD Mapper 3.0//EN"
    "http://mybatis.org/dtd/mybatis-3-mapper.dtd">
<mapper namespace="com.example.dsn.atofuru.service.mapper.UtilMasterMapper">

    <!-- ResultMap の定義 -->
    <resultMap id="UtilMasterResultMap" type="com.example.dsn.atofuru.service.entity.UtilMasterEntity">
        <id property="systemKey1" column="system_key_1"/>
        <id property="systemKey2" column="system_key_2"/>
        <result property="value" column="value"/>
        <result property="validFrom" column="valid_from"/>
        <result property="validTo" column="valid_to"/>
        <result property="createdBy" column="created_by"/>
        <result property="createdAt" column="created_at"/>
        <result property="updatedBy" column="updated_by"/>
        <result property="updatedAt" column="updated_at"/>
    </resultMap>

    <!-- SELECT クエリ -->
    <select id="selectByKey" parameterType="map" resultMap="UtilMasterResultMap">
        SELECT *
        FROM dsn.util_master
        WHERE system_key_1 = #{systemKey1}
        AND system_key_2 = #{systemKey2}
    </select>
</mapper>