<?xml version="1.0" encoding="UTF-8"?>
<configuration>

    <!-- アプリケーションログ用のローリングファイルアペンダー -->
    <appender name="APPLICATION_LOG_FILE" class="ch.qos.logback.core.rolling.RollingFileAppender">
        <file>/app/logs/application.log</file>
        <rollingPolicy class="ch.qos.logback.core.rolling.TimeBasedRollingPolicy">
            <fileNamePattern>/app/logs/application_%d{yyyyMMdd}.log</fileNamePattern>
            <maxHistory>30</maxHistory> <!-- 保持するログファイルの数 -->
        </rollingPolicy>
        <encoder>
            <!-- タイムゾーンを JST に設定 -->
            <pattern>%d{yyyy-MM-dd HH:mm:ss,Asia/Tokyo} %-5level %logger{36} - %msg%n</pattern>
        </encoder>
    </appender>

    <!-- エラーログ用のローリングファイルアペンダー -->
    <appender name="ERROR_LOG_FILE" class="ch.qos.logback.core.rolling.RollingFileAppender">
        <file>/var/logs/error.log</file>
        <rollingPolicy class="ch.qos.logback.core.rolling.TimeBasedRollingPolicy">
            <fileNamePattern>/var/logs/error_%d{yyyyMMdd}.log</fileNamePattern>
            <maxHistory>30</maxHistory> <!-- 保持するログファイルの数 -->
        </rollingPolicy>
        <encoder>
            <!-- タイムゾーンを JST に設定 -->
            <pattern>%d{yyyy-MM-dd HH:mm:ss,Asia/Tokyo} %-5level %logger{36} - %msg%n</pattern>
        </encoder>
        <filter class="ch.qos.logback.classic.filter.LevelFilter">
            <level>ERROR</level>
            <onMatch>ACCEPT</onMatch>
            <onMismatch>DENY</onMismatch>
        </filter>
    </appender>

    <!-- コンソールアペンダー -->
    <appender name="CONSOLE" class="ch.qos.logback.core.ConsoleAppender">
        <encoder>
            <!-- タイムゾーンを JST に設定 -->
            <pattern>%d{yyyy-MM-dd HH:mm:ss,Asia/Tokyo} %-5level %logger{36} - %msg%n</pattern>
        </encoder>
    </appender>

    <!-- ルートロガー設定 -->
    <root level="INFO">
        <appender-ref ref="APPLICATION_LOG_FILE" />
        <appender-ref ref="ERROR_LOG_FILE" />
        <appender-ref ref="CONSOLE" />
    </root>

    <!-- エラーログの設定 -->
    <logger name="org.springframework" level="ERROR">
        <appender-ref ref="ERROR_LOG_FILE" />
    </logger>

</configuration>
