<?xml version="1.0" encoding="UTF-8" ?>
<!DOCTYPE mapper
    PUBLIC "-//mybatis.org//DTD Mapper 3.0//EN"
    "http://mybatis.org/dtd/mybatis-3-mapper.dtd">
<mapper namespace="com.example.demo.dsn.mapper.ConfirmInfoMapper">

    <resultMap id="ConfirmInfoResultMap" type="com.example.demo.dsn.model.ConfirmInfo">
        <id column="user_id" property="userId"/>
        <id column="store_id" property="storeId"/>
        <result column="guest_number" property="guestNumber"/>
        <result column="time" property="time"/>
        <result column="budget" property="budget"/>
        <result column="isSmoke" property="isSmoke"/>
        <result column="alcohol" property="alcohol"/>
    </resultMap>

    <!-- Insert a new record -->
    <insert id="insertConfirmInfo" parameterType="com.example.demo.dsn.model.ConfirmInfo">
        INSERT INTO dsn.confirm_info (user_id, store_id, guest_number, time, budget, isSmoke, alcohol)
        VALUES (#{userId}, #{storeId}, #{guestNumber}, #{time}, #{budget}, #{isSmoke}, #{alcohol});
    </insert>

    <insert id="upsertConfirmInfo" parameterType="com.example.demo.dsn.model.ConfirmInfo">
        INSERT INTO dsn.confirm_info (user_id, store_id, guest_number, time, budget, isSmoke, alcohol)
        VALUES (#{userId}, #{storeId}, #{guestNumber}, #{time}, #{budget}, #{isSmoke}, #{alcohol})
        ON CONFLICT (user_id, store_id) DO UPDATE
        SET guest_number = EXCLUDED.guest_number,
            time = EXCLUDED.time,
            budget = EXCLUDED.budget,
            isSmoke = EXCLUDED.isSmoke,
            alcohol = EXCLUDED.alcohol;
    </insert>
    
    <!-- Select a record by user_id and store_id -->
    <select id="selectConfirmInfo" parameterType="map" resultMap="ConfirmInfoResultMap">
        SELECT user_id, store_id, guest_number, time, budget, isSmoke, alcohol
        FROM dsn.confirm_info
        WHERE user_id = #{userId} AND store_id = #{storeId};
    </select>

    <!-- Update a record by user_id and store_id -->
    <update id="updateConfirmInfo" parameterType="com.example.demo.dsn.model.ConfirmInfo">
        UPDATE dsn.confirm_info
        SET guest_number = #{guestNumber},
            time = #{time},
            budget = #{budget},
            isSmoke = #{isSmoke},
            alcohol = #{alcohol}
        WHERE user_id = #{userId} AND store_id = #{storeId};
    </update>

    <!-- Delete a record by user_id and store_id -->
    <delete id="deleteConfirmInfo" parameterType="map">
        DELETE FROM dsn.confirm_info
        WHERE user_id = #{userId} AND store_id = #{storeId};
    </delete>

    <!-- Select all records for a specific user_id -->
    <select id="selectAllByUserId" parameterType="String" resultMap="ConfirmInfoResultMap">
        SELECT user_id, store_id, guest_number, time, budget, isSmoke, alcohol
        FROM dsn.confirm_info
        WHERE user_id = #{userId};
    </select>

    <!-- Select all records for a specific store_id -->
    <select id="selectAllByStoreId" parameterType="String" resultMap="ConfirmInfoResultMap">
        SELECT user_id, store_id, guest_number, time, budget, isSmoke, alcohol
        FROM dsn.confirm_info
        WHERE store_id = #{storeId};
    </select>

</mapper>
