<?xml version="1.0" encoding="UTF-8" ?>
<!DOCTYPE mapper
    PUBLIC "-//mybatis.org//DTD Mapper 3.0//EN"
    "http://mybatis.org/dtd/mybatis-3-mapper.dtd">

<mapper namespace="com.example.demo.dsn.mapper.StoreMapper">

    <!-- Store result map -->
    <resultMap id="StoreResultMap" type="com.example.demo.dsn.model.Store">
        <id property="storeId" column="store_id" />
        <result property="storeName" column="store_name" />
        <result property="address" column="address" />
        <result property="notes" column="notes" />
        <result property="email" column="email" />
        <result property="phoneNumber" column="phone_number" />
    </resultMap>

    <!-- Insert a new store -->
    <insert id="insertStore" parameterType="com.example.demo.dsn.model.Store">
        INSERT INTO dsn.stores (store_id, store_name, address, notes, email, phone_number)
        VALUES (#{storeId}, #{storeName}, #{address}, #{notes}, #{email}, #{phoneNumber})
    </insert>

    <!-- Select a store by ID -->
    <select id="selectStoreById" parameterType="string" resultMap="StoreResultMap">
        SELECT store_id, store_name, address, notes, email, phone_number
        FROM dsn.stores
        WHERE store_id = #{storeId}
    </select>

    <!-- Select all stores -->
    <select id="selectAllStores" resultMap="StoreResultMap">
        SELECT store_id, store_name, address, notes, email, phone_number
        FROM dsn.stores
    </select>

    <!-- Update a store -->
    <update id="updateStore" parameterType="com.example.demo.dsn.model.Store">
        UPDATE dsn.stores
        SET store_name = #{storeName},
            address = #{address},
            notes = #{notes},
            email = #{email},
            phone_number = #{phoneNumber}
        WHERE store_id = #{storeId}
    </update>

    <!-- Delete a store -->
    <delete id="deleteStore" parameterType="string">
        DELETE FROM dsn.stores
        WHERE store_id = #{storeId}
    </delete>
    
    <!-- SQLクエリ: store_id の存在チェック -->
    <select id="existsByStoreId" parameterType="String" resultType="boolean">
        SELECT COUNT(*) > 0
        FROM dsn.stores
        WHERE store_id = #{storeId}
    </select>

</mapper>