<?xml version="1.0" encoding="UTF-8" ?>
<!DOCTYPE mapper
    PUBLIC "-//mybatis.org//DTD Mapper 3.0//EN"
    "http://mybatis.org/dtd/mybatis-3-mapper.dtd">

<mapper namespace="com.example.demo.dsn.mapper.UserStoreRelationMapper">
    
    <!-- Store result map -->
    <resultMap id="StoreResultMap" type="com.example.demo.dsn.model.Store">
        <id property="storeId" column="store_id" />
        <result property="storeName" column="store_name" />
        <result property="address" column="address" />
        <result property="notes" column="notes" />
        <result property="email" column="email" />
        <result property="phoneNumber" column="phone_number" />
    </resultMap>

    <!-- Insert a new user-store relation -->
    <insert id="insertUserStoreRelation" parameterType="map">
        INSERT INTO dsn.user_store_relation (user_id, store_id)
        VALUES (#{userId}, #{storeId})
    </insert>

    <!-- Select stores by user ID -->
    <select id="selectStoresByUserId" parameterType="string" resultMap="StoreResultMap">
        SELECT s.store_id, s.store_name, s.address, s.notes, s.email, s.phone_number
        FROM dsn.stores s
        JOIN dsn.user_store_relation ur ON s.store_id = ur.store_id
        WHERE ur.user_id = #{userId}
    </select>

    <select id="selectStoresByAdmin" resultMap="StoreResultMap">
        SELECT store_id, store_name, address, notes, email, phone_number
        FROM dsn.stores
    </select>

    <!-- Select store by store ID and user ID -->
    <select id="selectStoreById" parameterType="map" resultMap="StoreResultMap">
        SELECT s.store_id, s.store_name, s.address, s.notes, s.email, s.phone_number
        FROM dsn.stores s
        JOIN dsn.user_store_relation ur ON s.store_id = ur.store_id
        WHERE s.store_id = #{storeId} AND ur.user_id = #{userId}
    </select>

    <!-- Select store by store ID -->
    <select id="selectStoreByIdAdmin" parameterType="string" resultMap="StoreResultMap">
        SELECT store_id, store_name, address, notes, email, phone_number
        FROM dsn.stores
        WHERE store_id = #{storeId}
    </select>

    <!-- Delete user-store relation -->
    <delete id="deleteUserStoreRelation" parameterType="map">
        DELETE FROM dsn.user_store_relation
        WHERE user_id = #{userId} AND store_id = #{storeId}
    </delete>

</mapper>
